Authors,Title,Year,Sampling Methodology,Sample analysis,Size (µm),Results (avg),Uncertainty,Units,Latitude (°N),Longitude (°E)
Dris R.; Gasperi J.; Saad M.; Mirande C.; Tassin B.,Synthetic fibers in atmospheric fallout: A source of microplastics in the environment?,2016,Deposition,Microscopy; µFTIR,> 50,110,96,particles m-2 d-1,48.7883,2.4434
Dris R.; Gasperi J.; Saad M.; Mirande C.; Tassin B.,Synthetic fibers in atmospheric fallout: A source of microplastics in the environment?,2016,Deposition,Microscopy; µFTIR,> 50,53,38,particles m-2 d-1,48.84,2.5876
Cai L.; Wang J.; Peng J.; Tan Z.; Zhan Z.; Tan X.; Chen Q.,"Characteristic of microplastics in the atmospheric fallout from Dongguan city, China: preliminary research and first evidence",2017,Deposition,Microscopy; µFTIR; SEM,> 11,277,32,particles m-2 d-1,23.0833,113.79
Cai L.; Wang J.; Peng J.; Tan Z.; Zhan Z.; Tan X.; Chen Q.,"Characteristic of microplastics in the atmospheric fallout from Dongguan city, China: preliminary research and first evidence",2017,Deposition,Microscopy; µFTIR; SEM,> 11,208,3,particles m-2 d-1,23.1,113.76
Cai L.; Wang J.; Peng J.; Tan Z.; Zhan Z.; Tan X.; Chen Q.,"Characteristic of microplastics in the atmospheric fallout from Dongguan city, China: preliminary research and first evidence",2017,Deposition,Microscopy; µFTIR; SEM,> 11,198,27,particles m-2 d-1,23.05,113.75
Liu K.; Wang X.; Fang T.; Xu P.; Zhu L.; Li D.,Source and potential risk assessment of suspended atmospheric microplastics in Shanghai,2019,Sampling,Microscopy; µFTIR,> ~20,1.42,1.42,particles m-3,31.2167,121.4667
Liu K.; Wang X.; Wei N.; Song Z.; Li D.,Accurate quantification and transport estimation of suspended atmospheric microplastics in megacities: Implications for human health,2019,Sampling,Microscopy; µFTIR,> ~12,0.41,,particles m-3,31.2167,121.4667
Allen S.; Allen D.; Phoenix V.R.; Le Roux G.; Durántez Jiménez P.; Simonneau A.; Binet S.; Galop D.,Atmospheric transport and deposition of microplastics in a remote mountain catchment,2019,Deposition,Microscopy; µRaman,> 2,365,69,particles m-2 d-1,42.8039,1.4186
Liu K.; Wu T.; Wang X.; Song Z.; Zong C.; Wei N.; Li D.,Consistent Transport of Terrestrial Microplastics to the Ocean through Atmosphere,2019,Sampling,Microscopy; µFTIR,> 11,0.13,0.24,particles m-3,28,122
Liu K.; Wang X.; Song Z.; Wei N.; Ye H.; Cong X.; Zhao L.; Li Y.; Qu L.; Zhu L.; Zhang F.; Zong C.; Jiang C.; Li D.,Global inventory of atmospheric fibrous microplastics input into the ocean: An implication from the indoor origin,2020,Deposition,Microscopy; µFTIR,> 11,45.3,,particles m-2 d-1,117,29
Allen S.; Allen D.; Moss K.; Le Roux G.; Phoenix V.R.; Sonke J.E.,Examination of the ocean as a source for atmospheric microplastics,2020,Sampling,Microscopy; µRaman,> 2,2.9,,particles m-3,44.2197,11.1299
Allen S.; Allen D.; Moss K.; Le Roux G.; Phoenix V.R.; Sonke J.E.,Examination of the ocean as a source for atmospheric microplastics,2020,Sampling,Microscopy; µRaman,> 2,9.6,,particles m-3,44.2197,11.1299
Roblin B.; Ryan M.; Vreugdenhil A.; Aherne J.,Ambient Atmospheric Deposition of Anthropogenic Microfibers and Microplastics on the Western Periphery of Europe (Ireland),2020,Deposition,Microscopy; µRaman,> 2,64.5,,particles m-2 d-1,52.866,353.087
Roblin B.; Ryan M.; Vreugdenhil A.; Aherne J.,Ambient Atmospheric Deposition of Anthropogenic Microfibers and Microplastics on the Western Periphery of Europe (Ireland),2020,Deposition,Microscopy; µRaman,> 2,71,,particles m-2 d-1,52.2942,353.4945
Roblin B.; Ryan M.; Vreugdenhil A.; Aherne J.,Ambient Atmospheric Deposition of Anthropogenic Microfibers and Microplastics on the Western Periphery of Europe (Ireland),2020,Deposition,Microscopy; µRaman,> 2,80.6,,particles m-2 d-1,51.9397,349.7556
Roblin B.; Ryan M.; Vreugdenhil A.; Aherne J.,Ambient Atmospheric Deposition of Anthropogenic Microfibers and Microplastics on the Western Periphery of Europe (Ireland),2020,Deposition,Microscopy; µRaman,> 2,101.9,,particles m-2 d-1,55.382,352.6266
Liao Z.; Ji X.; Ma Y.; Lv B.; Huang W.; Zhu X.; Fang M.; Wang Q.; Wang X.; Dahlgren R.; Shang X.,Airborne microplastics in indoor and outdoor environments of a coastal city in Eastern China,2021,Sampling,Nile Red; µFTIR,> 11,189,85,particles m-3,27.9949,120.6994
Szewc K.; Graca B.; Do??ga A.,Atmospheric deposition of microplastics in the coastal zone: Characteristics and relationship with meteorological factors,2021,Deposition,Microscopy; ?ATR; ?FTIR,> 11,10,8,particles m-2 d-1,54.5094,18.5411
Huang Y.; He T.; Yan M.; Yang L.; Gong H.; Wang W.; Qing X.; Wang J.,Atmospheric transport and deposition of microplastics in a subtropical urban environment,2021,Deposition,Microscopy; µFTIR,> 11,114,40,particles m-2 d-1,23.1291,113.2644
Dong H.; Wang L.; Wang X.; Xu L.; Chen M.; Gong P.; Wang C.,Microplastics in a Remote Lake Basin of the Tibetan Plateau: Impacts of Atmospheric Transport and Glacial Melting,2021,Depositon,Microscopy; µFTIR,> 11,24,,particles m-2 d-1,30.75,90.1667
Peñalver R.; Costa-Gómez I.; Arroyo-Manzanares N.; Moreno J.M.; López-García I.; Moreno-Grau S.; Córdoba M.H.,Assessing the level of airborne polystyrene microplastics using thermogravimetry-mass spectrometry: Results for an agricultural area,2021,Sampling,TGA-MS,> 10,36,,ng m-3,37.6916,358.9283
Wang X.; Liu K.; Zhu L.; Li C.; Song Z.; Li D.,Efficient transport of atmospheric microplastics onto the continent via the East Asian summer monsoon,2021,Sampling,Microscopy; µFTIR,> 11,0.39,0.43,per 100 m-3,21,113
Wang X.; Liu K.; Zhu L.; Li C.; Song Z.; Li D.,Efficient transport of atmospheric microplastics onto the continent via the East Asian summer monsoon,2021,Sampling,Microscopy; µFTIR,> 11,0.271,,per 100 m-3,18,110.5
Wang X.; Liu K.; Zhu L.; Li C.; Song Z.; Li D.,Efficient transport of atmospheric microplastics onto the continent via the East Asian summer monsoon,2021,Sampling,Microscopy; µFTIR,> 11,0.144,,per 100 m-3,18.5,110
Wang X.; Liu K.; Zhu L.; Li C.; Song Z.; Li D.,Efficient transport of atmospheric microplastics onto the continent via the East Asian summer monsoon,2021,Sampling,Microscopy; µFTIR,> 11,0,,per 100 m-3,19.3,111.3
Wang X.; Liu K.; Zhu L.; Li C.; Song Z.; Li D.,Efficient transport of atmospheric microplastics onto the continent via the East Asian summer monsoon,2021,Sampling,Microscopy; µFTIR,> 11,0.343,,per 100 m-3,19.5,111.5
Wang X.; Liu K.; Zhu L.; Li C.; Song Z.; Li D.,Efficient transport of atmospheric microplastics onto the continent via the East Asian summer monsoon,2021,Sampling,Microscopy; µFTIR,> 11,0,,per 100 m-3,20.2,111.6
Wang X.; Liu K.; Zhu L.; Li C.; Song Z.; Li D.,Efficient transport of atmospheric microplastics onto the continent via the East Asian summer monsoon,2021,Sampling,Microscopy; µFTIR,> 11,0,,per 100 m-3,20.8,111.2
Wang X.; Liu K.; Zhu L.; Li C.; Song Z.; Li D.,Efficient transport of atmospheric microplastics onto the continent via the East Asian summer monsoon,2021,Sampling,Microscopy; µFTIR,> 11,0,,per 100 m-3,20.9,111.8
Wang X.; Liu K.; Zhu L.; Li C.; Song Z.; Li D.,Efficient transport of atmospheric microplastics onto the continent via the East Asian summer monsoon,2021,Sampling,Microscopy; µFTIR,> 11,0,,per 100 m-3,21,112.5
Wang X.; Liu K.; Zhu L.; Li C.; Song Z.; Li D.,Efficient transport of atmospheric microplastics onto the continent via the East Asian summer monsoon,2021,Sampling,Microscopy; µFTIR,> 11,0,,per 100 m-3,21.4,113.2
Wang X.; Liu K.; Zhu L.; Li C.; Song Z.; Li D.,Efficient transport of atmospheric microplastics onto the continent via the East Asian summer monsoon,2021,Sampling,Microscopy; µFTIR,> 11,0.152,,per 100 m-3,20.5,113.8
Wang X.; Liu K.; Zhu L.; Li C.; Song Z.; Li D.,Efficient transport of atmospheric microplastics onto the continent via the East Asian summer monsoon,2021,Sampling,Microscopy; µFTIR,> 11,0.505,,per 100 m-3,21.5,113.8
Wang X.; Liu K.; Zhu L.; Li C.; Song Z.; Li D.,Efficient transport of atmospheric microplastics onto the continent via the East Asian summer monsoon,2021,Sampling,Microscopy; µFTIR,> 11,0.168,,per 100 m-3,20.8,114.3
Wang X.; Liu K.; Zhu L.; Li C.; Song Z.; Li D.,Efficient transport of atmospheric microplastics onto the continent via the East Asian summer monsoon,2021,Sampling,Microscopy; µFTIR,> 11,0.449,,per 100 m-3,21.6,114.5
Wang X.; Liu K.; Zhu L.; Li C.; Song Z.; Li D.,Efficient transport of atmospheric microplastics onto the continent via the East Asian summer monsoon,2021,Sampling,Microscopy; µFTIR,> 11,0.246,,per 100 m-3,21.2,115.1
Wang X.; Liu K.; Zhu L.; Li C.; Song Z.; Li D.,Efficient transport of atmospheric microplastics onto the continent via the East Asian summer monsoon,2021,Sampling,Microscopy; µFTIR,> 11,0.831,,per 100 m-3,22,115.2
Wang X.; Liu K.; Zhu L.; Li C.; Song Z.; Li D.,Efficient transport of atmospheric microplastics onto the continent via the East Asian summer monsoon,2021,Sampling,Microscopy; µFTIR,> 11,0.858,,per 100 m-3,22.2,115.8
Wang X.; Liu K.; Zhu L.; Li C.; Song Z.; Li D.,Efficient transport of atmospheric microplastics onto the continent via the East Asian summer monsoon,2021,Sampling,Microscopy; µFTIR,> 11,0,,per 100 m-3,22.3,116.5
Wang X.; Liu K.; Zhu L.; Li C.; Song Z.; Li D.,Efficient transport of atmospheric microplastics onto the continent via the East Asian summer monsoon,2021,Sampling,Microscopy; µFTIR,> 11,0,,per 100 m-3,22.5,117.3
Wang X.; Liu K.; Zhu L.; Li C.; Song Z.; Li D.,Efficient transport of atmospheric microplastics onto the continent via the East Asian summer monsoon,2021,Sampling,Microscopy; µFTIR,> 11,0,,per 100 m-3,20.3,110.5
Wang X.; Liu K.; Zhu L.; Li C.; Song Z.; Li D.,Efficient transport of atmospheric microplastics onto the continent via the East Asian summer monsoon,2021,Sampling,Microscopy; µFTIR,> 11,0.01,,per 100 m-3,20.5,110.7
Wang X.; Liu K.; Zhu L.; Li C.; Song Z.; Li D.,Efficient transport of atmospheric microplastics onto the continent via the East Asian summer monsoon,2021,Sampling,Microscopy; µFTIR,> 11,0.158,,per 100 m-3,21.5,111.5
Wang X.; Liu K.; Zhu L.; Li C.; Song Z.; Li D.,Efficient transport of atmospheric microplastics onto the continent via the East Asian summer monsoon,2021,Sampling,Microscopy; µFTIR,> 11,0,,per 100 m-3,22,113.1
Wang X.; Liu K.; Zhu L.; Li C.; Song Z.; Li D.,Efficient transport of atmospheric microplastics onto the continent via the East Asian summer monsoon,2021,Sampling,Microscopy; µFTIR,> 11,0.27,,per 100 m-3,22.5,114.8
Knobloch E.; Ruffell H.; Aves A.; Pantos O.; Gaw S.; Revell L.E.,"Comparison of Deposition Sampling Methods to Collect Airborne Microplastics in Christchurch, New Zealand",2021,Deposition,Microscopy; µFTIR,> 11,205,125,particles m-2 d-1,43.52,172.58
Jia Q.; Duan Y.; Han X.; Sun X.; Munyaneza J.; Ma J.; Xiu G.,"Atmospheric deposition of microplastics in the megalopolis (Shanghai) during rainy season: Characteristics, influence factors, and source",2022,Deposition,Microscopy; µFTIR,> 11,3261.22,2847.99,particles m-2 d-1,31.2167,121.4667
Ding J.; Sun C.; He C.; Zheng L.; Dai D.; Li F.,"Atmospheric microplastics in the Northwestern Pacific Ocean: Distribution, source, and deposition",2022,Sampling,Microscopy; µFTIR,> 11,0.027,0.018,particles m-3,29,128
Amato-Lourenço L.F.; de Souza Xavier Costa N.; Dantas K.C.; dos Santos Galvão L.; Moralles F.N.; Lombardi S.C.F.S.; Júnior A.M.; Lindoso J.A.L.; Ando R.A.; Lima F.G.; Carvalho-Oliveira R.; Mauad T.,Airborne microplastics and SARS-CoV-2 in total suspended particles in the area surrounding the largest medical centre in Latin America,2022,Sampling,Nile Red; µFTIR,> 11,14.65,,particles m-3,-23.5544,313.3295
Syafina P.R.; Yudison A.P.; Sembiring E.; Irsyad M.; Tomo H.S.,"Identification of fibrous suspended atmospheric microplastics in Bandung Metropolitan Area, Indonesia",2022,Sampling,Microscopy; Hot needle test,,0.445,,particles m-3,-6.9239,107.6064
Sun J.; Peng Z.; Zhu Z.-R.; Fu W.; Dai X.; Ni B.-J.,The atmospheric microplastics deposition contributes to microplastic pollution in urban waters,2022,Deposition,µRaman,> 2,1650,1200,particles m-2 d-1,31.2167,121.4667
Purwiyanto A.I.S.; Prartono T.; Riani E.; Naulita Y.; Cordova M.R.; Koropitan A.F.,The deposition of atmospheric microplastics in Jakarta-Indonesia: The coastal urban area,2022,Deposition,Microscopy; µFTIR,> 11,15,,particles m-2 d-1,-6.1944,106.8229
Welsh B.; Aherne J.; Paterson A.M.; Yao H.; McConnell C.,"Atmospheric deposition of anthropogenic particles and microplastics in south-central Ontario, Canada",2022,Deposition,Microscopy; µRaman,> 2,7,2,particles m-2 d-1,45,280
Fan W.; Salmond J.A.; Dirks K.N.; Cabedo Sanz P.; Miskelly G.M.; Rindelaub J.D.,Evidence and Mass Quantification of Atmospheric Microplastics in a Coastal New Zealand City,2022,Deposition,Nile Red; Py-GC-MS,,4885,1858,particles m-2 d-1,-36.87,174.7
Liu Z.; Huang Q.; Chen L.; Li J.; Jia H.,"Is the impact of atmospheric microplastics on human health underestimated? Uncertainty in risk assessment: A case study of urban atmosphere in Xi'an, Northwest China",2022,Sampling,Microscopy; µRaman,> 2,12.5,,L-1,34,109
Jenner L.C.; Sadofsky L.R.; Danopoulos E.; Chapman E.; White D.; Jenkins R.L.; Rotchell J.M.,Outdoor Atmospheric Microplastics within the Humber Region (United Kingdom): Quantification and Chemical Characterisation of Deposited Particles Present,2022,Deposition,µFTIR,> 11,3055,5072,particles m-2 d-1,53.7675,359.68
Jenner L.C.; Sadofsky L.R.; Danopoulos E.; Chapman E.; White D.; Jenkins R.L.; Rotchell J.M.,Outdoor Atmospheric Microplastics within the Humber Region (United Kingdom): Quantification and Chemical Characterisation of Deposited Particles Present,2022,Deposition,µFTIR,> 11,1500,1272,particles m-2 d-1,53.7675,359.68
Wang Z.; Zhang Y.; Kang S.; Yang L.; Luo X.; Chen P.; Guo J.; Hu Z.; Yang C.; Yang Z.; Gao T.,Long-range transport of atmospheric microplastics deposited onto glacier in southeast Tibetan Plateau,2022,Deposition,Microscopy; µRaman,> 2,9.55,0.9,L-1,29.35,91.01
Shahraki M.; Rezaei Kahkha M.R.; Piri J.; Sharafi A.; Kaykhaii M.,Microplastics in atmospheric dust samples of Sistan: sources and distribution,2022,Deposition,Microscopy; µFTIR,500-5000,9.8,,per 100 g,27.5,60.5
Shruti V.C.; Kutralam-Muniasamy G.; Pérez-Guevara F.; Roy P.D.; Martínez I.E.,Occurrence and characteristics of atmospheric microplastics in Mexico City,2022,Sampling,Microscopy; µFTIR; ATR,> 10,0.205,0.061,particles m-3,19.43,260.87
Shruti V.C.; Kutralam-Muniasamy G.; Pérez-Guevara F.; Roy P.D.; Martínez I.E.,Occurrence and characteristics of atmospheric microplastics in Mexico City,2022,Sampling,Microscopy; µFTIR; ATR,> 2.5,0.11,0.055,particles m-3,19.43,260.87
Perera K.; Ziajahromi S.; Bengtson Nash S.; Manage P.M.; Leusch F.D.L.,"Airborne Microplastics in Indoor and Outdoor Environments of a Developing Country in South Asia: Abundance, Distribution, Morphology, and Possible Sources",2022,Sampling,Microscopy; µFTIR,> 11,0.11,0.11,particles m-3,7,80
Hu T.; He P.; Yang Z.; Wang W.; Zhang H.; Shao L.; Lü F.,Emission of airborne microplastics from municipal solid waste transfer stations in downtown,2022,Sampling,Microscopy; µFTIR,> 50,2.5,1.3,particles m-3,31.2167,121.4667
Wang X.; Wei N.; Liu K.; Zhu L.; Li C.; Zong C.; Li D.,Exponential decrease of airborne microplastics: From megacity to open ocean,2022,Sampling,Microscopy; µFTIR,> 11,0.694,,particles per 100 m-3,12,129
Wang X.; Wei N.; Liu K.; Zhu L.; Li C.; Zong C.; Li D.,Exponential decrease of airborne microplastics: From megacity to open ocean,2022,Sampling,Microscopy; µFTIR,> 11,1.389,,particles per 100 m-3,12,131
Wang X.; Wei N.; Liu K.; Zhu L.; Li C.; Zong C.; Li D.,Exponential decrease of airborne microplastics: From megacity to open ocean,2022,Sampling,Microscopy; µFTIR,> 11,0.833,,particles per 100 m-3,12,130
Wang X.; Wei N.; Liu K.; Zhu L.; Li C.; Zong C.; Li D.,Exponential decrease of airborne microplastics: From megacity to open ocean,2022,Sampling,Microscopy; µFTIR,> 11,1.389,,particles per 100 m-3,15,130
Wang X.; Wei N.; Liu K.; Zhu L.; Li C.; Zong C.; Li D.,Exponential decrease of airborne microplastics: From megacity to open ocean,2022,Sampling,Microscopy; µFTIR,> 11,0.521,,particles per 100 m-3,18,130
Wang X.; Wei N.; Liu K.; Zhu L.; Li C.; Zong C.; Li D.,Exponential decrease of airborne microplastics: From megacity to open ocean,2022,Sampling,Microscopy; µFTIR,> 11,1.389,,particles per 100 m-3,20,128
Wang X.; Wei N.; Liu K.; Zhu L.; Li C.; Zong C.; Li D.,Exponential decrease of airborne microplastics: From megacity to open ocean,2022,Sampling,Microscopy; µFTIR,> 11,0.926,,particles per 100 m-3,15,129
Wang X.; Wei N.; Liu K.; Zhu L.; Li C.; Zong C.; Li D.,Exponential decrease of airborne microplastics: From megacity to open ocean,2022,Sampling,Microscopy; µFTIR,> 11,0,,particles per 100 m-3,10,130
Wang X.; Wei N.; Liu K.; Zhu L.; Li C.; Zong C.; Li D.,Exponential decrease of airborne microplastics: From megacity to open ocean,2022,Sampling,Microscopy; µFTIR,> 11,1.389,,particles per 100 m-3,11,141
Wang X.; Wei N.; Liu K.; Zhu L.; Li C.; Zong C.; Li D.,Exponential decrease of airborne microplastics: From megacity to open ocean,2022,Sampling,Microscopy; µFTIR,> 11,1.389,,particles per 100 m-3,2,143
Wang X.; Wei N.; Liu K.; Zhu L.; Li C.; Zong C.; Li D.,Exponential decrease of airborne microplastics: From megacity to open ocean,2022,Sampling,Microscopy; µFTIR,> 11,0,,particles per 100 m-3,0,143
Wang X.; Wei N.; Liu K.; Zhu L.; Li C.; Zong C.; Li D.,Exponential decrease of airborne microplastics: From megacity to open ocean,2022,Sampling,Microscopy; µFTIR,> 11,0,,particles per 100 m-3,-2,164
Wang X.; Wei N.; Liu K.; Zhu L.; Li C.; Zong C.; Li D.,Exponential decrease of airborne microplastics: From megacity to open ocean,2022,Sampling,Microscopy; µFTIR,> 11,0.694,,particles per 100 m-3,0,164
Wang X.; Wei N.; Liu K.; Zhu L.; Li C.; Zong C.; Li D.,Exponential decrease of airborne microplastics: From megacity to open ocean,2022,Sampling,Microscopy; µFTIR,> 11,0.347,,particles per 100 m-3,4,164
Wang X.; Wei N.; Liu K.; Zhu L.; Li C.; Zong C.; Li D.,Exponential decrease of airborne microplastics: From megacity to open ocean,2022,Sampling,Microscopy; µFTIR,> 11,0.694,,particles per 100 m-3,5,160
Wang X.; Wei N.; Liu K.; Zhu L.; Li C.; Zong C.; Li D.,Exponential decrease of airborne microplastics: From megacity to open ocean,2022,Sampling,Microscopy; µFTIR,> 11,0.694,,particles per 100 m-3,4,151
Wang X.; Wei N.; Liu K.; Zhu L.; Li C.; Zong C.; Li D.,Exponential decrease of airborne microplastics: From megacity to open ocean,2022,Sampling,Microscopy; µFTIR,> 11,2.667,,particles per 100 m-3,3,147
Wang X.; Wei N.; Liu K.; Zhu L.; Li C.; Zong C.; Li D.,Exponential decrease of airborne microplastics: From megacity to open ocean,2022,Sampling,Microscopy; µFTIR,> 11,0.463,,particles per 100 m-3,2,141
Wang X.; Wei N.; Liu K.; Zhu L.; Li C.; Zong C.; Li D.,Exponential decrease of airborne microplastics: From megacity to open ocean,2022,Sampling,Microscopy; µFTIR,> 11,0.347,,particles per 100 m-3,4,142
Wang X.; Wei N.; Liu K.; Zhu L.; Li C.; Zong C.; Li D.,Exponential decrease of airborne microplastics: From megacity to open ocean,2022,Sampling,Microscopy; µFTIR,> 11,1.389,,particles per 100 m-3,5,140
Wang X.; Wei N.; Liu K.; Zhu L.; Li C.; Zong C.; Li D.,Exponential decrease of airborne microplastics: From megacity to open ocean,2022,Sampling,Microscopy; µFTIR,> 11,0.694,,particles per 100 m-3,8,158
Wang X.; Wei N.; Liu K.; Zhu L.; Li C.; Zong C.; Li D.,Exponential decrease of airborne microplastics: From megacity to open ocean,2022,Sampling,Microscopy; µFTIR,> 11,0.694,,particles per 100 m-3,3,142
Wang X.; Wei N.; Liu K.; Zhu L.; Li C.; Zong C.; Li D.,Exponential decrease of airborne microplastics: From megacity to open ocean,2022,Sampling,Microscopy; µFTIR,> 11,0,,particles per 100 m-3,7,142
Wang X.; Wei N.; Liu K.; Zhu L.; Li C.; Zong C.; Li D.,Exponential decrease of airborne microplastics: From megacity to open ocean,2022,Sampling,Microscopy; µFTIR,> 11,1.736,,particles per 100 m-3,10,142
Wang X.; Wei N.; Liu K.; Zhu L.; Li C.; Zong C.; Li D.,Exponential decrease of airborne microplastics: From megacity to open ocean,2022,Sampling,Microscopy; µFTIR,> 11,2.778,,particles per 100 m-3,7,140
Wang X.; Wei N.; Liu K.; Zhu L.; Li C.; Zong C.; Li D.,Exponential decrease of airborne microplastics: From megacity to open ocean,2022,Sampling,Microscopy; µFTIR,> 11,0.513,,particles per 100 m-3,21,142
Wang X.; Wei N.; Liu K.; Zhu L.; Li C.; Zong C.; Li D.,Exponential decrease of airborne microplastics: From megacity to open ocean,2022,Sampling,Microscopy; µFTIR,> 11,0.256,,particles per 100 m-3,15,141
Wang X.; Wei N.; Liu K.; Zhu L.; Li C.; Zong C.; Li D.,Exponential decrease of airborne microplastics: From megacity to open ocean,2022,Sampling,Microscopy; µFTIR,> 11,0.926,,particles per 100 m-3,13,141
Wang X.; Wei N.; Liu K.; Zhu L.; Li C.; Zong C.; Li D.,Exponential decrease of airborne microplastics: From megacity to open ocean,2022,Sampling,Microscopy; µFTIR,> 11,0,,particles per 100 m-3,5,142
Wang X.; Wei N.; Liu K.; Zhu L.; Li C.; Zong C.; Li D.,Exponential decrease of airborne microplastics: From megacity to open ocean,2022,Sampling,Microscopy; µFTIR,> 11,0,,particles per 100 m-3,11,138
Wang X.; Wei N.; Liu K.; Zhu L.; Li C.; Zong C.; Li D.,Exponential decrease of airborne microplastics: From megacity to open ocean,2022,Sampling,Microscopy; µFTIR,> 11,1.389,,particles per 100 m-3,22,127
Wang X.; Wei N.; Liu K.; Zhu L.; Li C.; Zong C.; Li D.,Exponential decrease of airborne microplastics: From megacity to open ocean,2022,Sampling,Microscopy; µFTIR,> 11,0.694,,particles per 100 m-3,34,123
Li C.; Wang X.; Zhu L.; Liu K.; Zong C.; Wei N.; Li D.,Enhanced impacts evaluation of Typhoon Sinlaku (2020) on atmospheric microplastics in South China Sea during the East Asian Summer Monsoon,2022,Sampling,Microscopy; µFTIR,> 11,1.05,0.55,particles per 100 m-3,17,114
Li C.; Wang X.; Zhu L.; Liu K.; Zong C.; Wei N.; Li D.,Enhanced impacts evaluation of Typhoon Sinlaku (2020) on atmospheric microplastics in South China Sea during the East Asian Summer Monsoon,2022,Sampling,Microscopy; µFTIR,> 11,0.59,0.48,particles per 100 m-3,17,114
Huang X.; Chen Y.; Meng Y.; Liu G.; Yang M.,Are we ignoring the role of urban forests in intercepting atmospheric microplastics?,2022,Deposition,Microscopy; µFTIR,> 11,246,145,particles m-2 d-1,30.63,104.08
Huang X.; Chen Y.; Meng Y.; Liu G.; Yang M.,Are we ignoring the role of urban forests in intercepting atmospheric microplastics?,2022,Deposition,Microscopy; µFTIR,> 11,207,226,particles m-2 d-1,30.63,104.08
Ferrero L.; Scibetta L.; Markuszewski P.; Mazurkiewicz M.; Drozdowska V.; Makuch P.; Jutrzenka-Trzebiatowska P.; Zaleska-Medynska A.; Andò S.; Saliu F.; Nilsson E.D.; Bolzacchini E.,Airborne and marine microplastics from an oceanographic survey at the Baltic Sea: An emerging role of air-sea interaction?,2022,Sampling,Microscopy; µRaman,> 2,160.3333333,,particles m-3,54.38,18.67
Ferrero L.; Scibetta L.; Markuszewski P.; Mazurkiewicz M.; Drozdowska V.; Makuch P.; Jutrzenka-Trzebiatowska P.; Zaleska-Medynska A.; Andò S.; Saliu F.; Nilsson E.D.; Bolzacchini E.,Airborne and marine microplastics from an oceanographic survey at the Baltic Sea: An emerging role of air-sea interaction?,2022,Sampling,Microscopy; µRaman,> 2,41.5,,particles m-3,54.74,18.67
Ferrero L.; Scibetta L.; Markuszewski P.; Mazurkiewicz M.; Drozdowska V.; Makuch P.; Jutrzenka-Trzebiatowska P.; Zaleska-Medynska A.; Andò S.; Saliu F.; Nilsson E.D.; Bolzacchini E.,Airborne and marine microplastics from an oceanographic survey at the Baltic Sea: An emerging role of air-sea interaction?,2022,Sampling,Microscopy; µRaman,> 2,16.8,,particles m-3,56,19
Ferrero L.; Scibetta L.; Markuszewski P.; Mazurkiewicz M.; Drozdowska V.; Makuch P.; Jutrzenka-Trzebiatowska P.; Zaleska-Medynska A.; Andò S.; Saliu F.; Nilsson E.D.; Bolzacchini E.,Airborne and marine microplastics from an oceanographic survey at the Baltic Sea: An emerging role of air-sea interaction?,2022,Sampling,Microscopy; µRaman,> 2,48.75,,particles m-3,57.4,18.49
Klein M.; Bechtel B.; Brecht T.; Fischer E.K.,Spatial distribution of atmospheric microplastics in bulk-deposition of urban and rural environments – A one-year follow-up study in northern Germany,2023,Deposition,Nile Red;  µRaman,> 2,89,,particles m-2 d-1,53.55,9.99
Sarathana D.; Winijkul E.,"Concentrations of Airborne Microplastics during the Dry Season at Five Locations in Bangkok Metropolitan Region, Thailand",2023,Sampling,Nile Red;  µFTIR,> 11,333.42,,particles m-3,13.76,100.5
Liu S.; Bai F.; Men Z.; Gu X.; Wang F.; Li Y.; Liu Q.,"Spatial distribution, source apportionment and potential ecological risk assessment of suspended atmosphere microplastics in different underlying surfaces in Harbin",2023,Sampling,Microscopy; µFTIR,> 11,1.76,,particles m-3,45.76,126.64
Dehhaghi S.; Pardakhti A.,Characterization of microplastics in the atmosphere of megacity Tehran (Iran),2023,Sampling,Microscopy; µRaman,> 2,0.8,,particles m-3,41.35,25.51
Abbasi S.; Rezaei M.; Mina M.; Sameni A.; Oleszczuk P.; Turner A.; Ritsema C.,Entrainment and horizontal atmospheric transport of microplastics from soil,2023,Deposition,Microscopy; µRaman; XRD,> 2,2632,,particles m-2 d-1,36.26,60.51
Chandrakanthan K.; Fraser M.P.; Herckes P.,Airborne microplastics in a suburban location in the desert southwest: Occurrence and identification challenges,2023,Sampling,Microscopy; µRaman,> 2,0.2,,particles m-3,33.42,111.93
Chang D.Y.; Jeong S.; Shin J.; Park J.; Park C.R.; Choi S.; Chun C.-H.; Chae M.-Y.; Lim B.C.,"First quantification and chemical characterization of atmospheric microplastics observed in Seoul, South Korea",2023,Sampling,µFTIR,> 11,0.72,,particles m-3,37.55,127
Zhao C.; Liang J.; Zhu M.; Zheng S.; Zhao Y.; Sun X.,"Occurrence, characteristics, and factors influencing the atmospheric microplastics around Jiaozhou Bay, the Yellow Sea",2023,Deposition,Microscopy; Hardness test; µFTIR,> 11,46.708,,particles m-2 d-1,36.09,120.25
Limsiriwong K.; Winijkul E.,"Exploring Personal Exposure to Airborne Microplastics across Various Work Environments in Pathum Thani Province, Thailand",2023,Sampling,Nile Red; µFTIR,< 10,1301,,particles m-3,14.0034,100.6647
Parashar N.; Hait S.,"Plastic rain—Atmospheric microplastics deposition in urban and peri-urban areas of Patna City, Bihar, India: Distribution, characteristics, transport, and source analysis",2023,Deposition,Microscopy; Nile Red; FESEM-EDX,1.3-4623,1959.6,205,particles m-2 d-1,25.5931,85.0713
Parashar N.; Hait S.,"Plastic rain—Atmospheric microplastics deposition in urban and peri-urban areas of Patna City, Bihar, India: Distribution, characteristics, transport, and source analysis",2023,Deposition,Microscopy; Nile Red; FESEM-EDX,1.3-4623,1320.4,126,particles m-2 d-1,25.5336,84.8506
Abbasi S.; Jaafarzadeh N.; Zahedi A.; Ravanbakhsh M.; Abbaszadeh S.; Turner A.,"Microplastics in the atmosphere of Ahvaz City, Iran",2023,Sampling,Microscopy; SEM-EDX; µRaman,<10,0.004669,0.004486,particles m-3,31.2963,48.6972
Abbasi S.; Jaafarzadeh N.; Zahedi A.; Ravanbakhsh M.; Abbaszadeh S.; Turner A.,"Microplastics in the atmosphere of Ahvaz City, Iran",2023,Sampling,Microscopy; SEM-EDX; µRaman,<10,0.006069,0.003988,particles m-3,31.3069,48.6435
Chen Q.; Shi G.; Revell L.E.; Zhang J.; Zuo C.; Wang D.; Le Ru E.C.; Wu G.; Mitrano D.M.,Long-range atmospheric transport of microplastics across the southern hemisphere,2023,Sampling,Microscopy; µFTIR,> 20,0.048,,particles m-3,30.2,123.06
Chen Q.; Shi G.; Revell L.E.; Zhang J.; Zuo C.; Wang D.; Le Ru E.C.; Wu G.; Mitrano D.M.,Long-range atmospheric transport of microplastics across the southern hemisphere,2023,Sampling,Microscopy; µFTIR,> 20,0.038,,particles m-3,24.97,128.18
Chen Q.; Shi G.; Revell L.E.; Zhang J.; Zuo C.; Wang D.; Le Ru E.C.; Wu G.; Mitrano D.M.,Long-range atmospheric transport of microplastics across the southern hemisphere,2023,Sampling,Microscopy; µFTIR,> 20,0.0316,,particles m-3,18.67,134.05
Chen Q.; Shi G.; Revell L.E.; Zhang J.; Zuo C.; Wang D.; Le Ru E.C.; Wu G.; Mitrano D.M.,Long-range atmospheric transport of microplastics across the southern hemisphere,2023,Sampling,Microscopy; µFTIR,> 20,0.0226,,particles m-3,12.79,139.81
Chen Q.; Shi G.; Revell L.E.; Zhang J.; Zuo C.; Wang D.; Le Ru E.C.; Wu G.; Mitrano D.M.,Long-range atmospheric transport of microplastics across the southern hemisphere,2023,Sampling,Microscopy; µFTIR,> 20,0.0405,,particles m-3,5.12,146.94
Chen Q.; Shi G.; Revell L.E.; Zhang J.; Zuo C.; Wang D.; Le Ru E.C.; Wu G.; Mitrano D.M.,Long-range atmospheric transport of microplastics across the southern hemisphere,2023,Sampling,Microscopy; µFTIR,> 20,0.0408,,particles m-3,-4.71,152.56
Chen Q.; Shi G.; Revell L.E.; Zhang J.; Zuo C.; Wang D.; Le Ru E.C.; Wu G.; Mitrano D.M.,Long-range atmospheric transport of microplastics across the southern hemisphere,2023,Sampling,Microscopy; µFTIR,> 20,0.0422,,particles m-3,-13.66,155.27
Chen Q.; Shi G.; Revell L.E.; Zhang J.; Zuo C.; Wang D.; Le Ru E.C.; Wu G.; Mitrano D.M.,Long-range atmospheric transport of microplastics across the southern hemisphere,2023,Sampling,Microscopy; µFTIR,> 20,0.048,,particles m-3,-24.05,155.57
Chen Q.; Shi G.; Revell L.E.; Zhang J.; Zuo C.; Wang D.; Le Ru E.C.; Wu G.; Mitrano D.M.,Long-range atmospheric transport of microplastics across the southern hemisphere,2023,Sampling,Microscopy; µFTIR,> 20,0.0478,,particles m-3,-34.27,153.05
Chen Q.; Shi G.; Revell L.E.; Zhang J.; Zuo C.; Wang D.; Le Ru E.C.; Wu G.; Mitrano D.M.,Long-range atmospheric transport of microplastics across the southern hemisphere,2023,Sampling,Microscopy; µFTIR,> 20,0.0315,,particles m-3,-44.41,150.09
Chen Q.; Shi G.; Revell L.E.; Zhang J.; Zuo C.; Wang D.; Le Ru E.C.; Wu G.; Mitrano D.M.,Long-range atmospheric transport of microplastics across the southern hemisphere,2023,Sampling,Microscopy; µFTIR,> 20,0.0246,,particles m-3,-45.85,147.42
Chen Q.; Shi G.; Revell L.E.; Zhang J.; Zuo C.; Wang D.; Le Ru E.C.; Wu G.; Mitrano D.M.,Long-range atmospheric transport of microplastics across the southern hemisphere,2023,Sampling,Microscopy; µFTIR,> 20,0.0398,,particles m-3,-54.24,144.16
Chen Q.; Shi G.; Revell L.E.; Zhang J.; Zuo C.; Wang D.; Le Ru E.C.; Wu G.; Mitrano D.M.,Long-range atmospheric transport of microplastics across the southern hemisphere,2023,Sampling,Microscopy; µFTIR,> 20,0.045,,particles m-3,-60.34,129.58
Chen Q.; Shi G.; Revell L.E.; Zhang J.; Zuo C.; Wang D.; Le Ru E.C.; Wu G.; Mitrano D.M.,Long-range atmospheric transport of microplastics across the southern hemisphere,2023,Sampling,Microscopy; µFTIR,> 20,0.0297,,particles m-3,-60.89,109.6
Chen Q.; Shi G.; Revell L.E.; Zhang J.; Zuo C.; Wang D.; Le Ru E.C.; Wu G.; Mitrano D.M.,Long-range atmospheric transport of microplastics across the southern hemisphere,2023,Sampling,Microscopy; µFTIR,> 20,0.0195,,particles m-3,-61.65,89.95
Chen Q.; Shi G.; Revell L.E.; Zhang J.; Zuo C.; Wang D.; Le Ru E.C.; Wu G.; Mitrano D.M.,Long-range atmospheric transport of microplastics across the southern hemisphere,2023,Sampling,Microscopy; µFTIR,> 20,0.0247,,particles m-3,-64.04,103.43
Chen Q.; Shi G.; Revell L.E.; Zhang J.; Zuo C.; Wang D.; Le Ru E.C.; Wu G.; Mitrano D.M.,Long-range atmospheric transport of microplastics across the southern hemisphere,2023,Sampling,Microscopy; µFTIR,> 20,0.0344,,particles m-3,-64.39,128.36
Chen Q.; Shi G.; Revell L.E.; Zhang J.; Zuo C.; Wang D.; Le Ru E.C.; Wu G.; Mitrano D.M.,Long-range atmospheric transport of microplastics across the southern hemisphere,2023,Sampling,Microscopy; µFTIR,> 20,0.0355,,particles m-3,-64.74,146.33
Chen Q.; Shi G.; Revell L.E.; Zhang J.; Zuo C.; Wang D.; Le Ru E.C.; Wu G.; Mitrano D.M.,Long-range atmospheric transport of microplastics across the southern hemisphere,2023,Sampling,Microscopy; µFTIR,> 20,0.0364,,particles m-3,-65.17,151.61
Chen Q.; Shi G.; Revell L.E.; Zhang J.; Zuo C.; Wang D.; Le Ru E.C.; Wu G.; Mitrano D.M.,Long-range atmospheric transport of microplastics across the southern hemisphere,2023,Sampling,Microscopy; µFTIR,> 20,0.0445,,particles m-3,-65.27,152.93
Chen Q.; Shi G.; Revell L.E.; Zhang J.; Zuo C.; Wang D.; Le Ru E.C.; Wu G.; Mitrano D.M.,Long-range atmospheric transport of microplastics across the southern hemisphere,2023,Sampling,Microscopy; µFTIR,> 20,0.0285,,particles m-3,-65.42,82
Chen Q.; Shi G.; Revell L.E.; Zhang J.; Zuo C.; Wang D.; Le Ru E.C.; Wu G.; Mitrano D.M.,Long-range atmospheric transport of microplastics across the southern hemisphere,2023,Sampling,Microscopy; µFTIR,> 20,0.0412,,particles m-3,-65.62,77.77
Chen Q.; Shi G.; Revell L.E.; Zhang J.; Zuo C.; Wang D.; Le Ru E.C.; Wu G.; Mitrano D.M.,Long-range atmospheric transport of microplastics across the southern hemisphere,2023,Sampling,Microscopy; µFTIR,> 20,0.034,,particles m-3,-68.97,76.42
Chen Q.; Shi G.; Revell L.E.; Zhang J.; Zuo C.; Wang D.; Le Ru E.C.; Wu G.; Mitrano D.M.,Long-range atmospheric transport of microplastics across the southern hemisphere,2023,Sampling,Microscopy; µFTIR,> 20,0.0224,,particles m-3,-69.3,76.23
Chen Q.; Shi G.; Revell L.E.; Zhang J.; Zuo C.; Wang D.; Le Ru E.C.; Wu G.; Mitrano D.M.,Long-range atmospheric transport of microplastics across the southern hemisphere,2023,Sampling,Microscopy; µFTIR,> 20,0.0027,,particles m-3,-73.86,76.97
Chen Q.; Shi G.; Revell L.E.; Zhang J.; Zuo C.; Wang D.; Le Ru E.C.; Wu G.; Mitrano D.M.,Long-range atmospheric transport of microplastics across the southern hemisphere,2023,Sampling,Microscopy; µFTIR,> 20,0.0083,,particles m-3,-73.86,76.97
"Romarate R.A., II; Ancla S.M.B.; Patilan D.M.M.; Inocente S.A.T.; Pacilan C.J.M.; Sinco A.L.; Guihawan J.Q.; Capangpangan R.Y.; Lubguban A.A.; Bacosa H.P.","Breathing plastics in Metro Manila, Philippines: presence of suspended atmospheric microplastics in ambient air",2023,Sampling,Microscopy; µFTIR,159-4807,0.0179,,particles m-3,14.4599,120.9948
"Romarate R.A., II; Ancla S.M.B.; Patilan D.M.M.; Inocente S.A.T.; Pacilan C.J.M.; Sinco A.L.; Guihawan J.Q.; Capangpangan R.Y.; Lubguban A.A.; Bacosa H.P.","Breathing plastics in Metro Manila, Philippines: presence of suspended atmospheric microplastics in ambient air",2023,Sampling,Microscopy; µFTIR,159-4807,0.0084,,particles m-3,14.6942,120.969
"Romarate R.A., II; Ancla S.M.B.; Patilan D.M.M.; Inocente S.A.T.; Pacilan C.J.M.; Sinco A.L.; Guihawan J.Q.; Capangpangan R.Y.; Lubguban A.A.; Bacosa H.P.","Breathing plastics in Metro Manila, Philippines: presence of suspended atmospheric microplastics in ambient air",2023,Sampling,Microscopy; µFTIR,159-4807,0.0012,,particles m-3,14.4818,121.0375
"Romarate R.A., II; Ancla S.M.B.; Patilan D.M.M.; Inocente S.A.T.; Pacilan C.J.M.; Sinco A.L.; Guihawan J.Q.; Capangpangan R.Y.; Lubguban A.A.; Bacosa H.P.","Breathing plastics in Metro Manila, Philippines: presence of suspended atmospheric microplastics in ambient air",2023,Sampling,Microscopy; µFTIR,159-4807,0.0143,,particles m-3,14.6345,121.0984
"Romarate R.A., II; Ancla S.M.B.; Patilan D.M.M.; Inocente S.A.T.; Pacilan C.J.M.; Sinco A.L.; Guihawan J.Q.; Capangpangan R.Y.; Lubguban A.A.; Bacosa H.P.","Breathing plastics in Metro Manila, Philippines: presence of suspended atmospheric microplastics in ambient air",2023,Sampling,Microscopy; µFTIR,159-4807,0.0024,,particles m-3,14.7505,121.0538
"Romarate R.A., II; Ancla S.M.B.; Patilan D.M.M.; Inocente S.A.T.; Pacilan C.J.M.; Sinco A.L.; Guihawan J.Q.; Capangpangan R.Y.; Lubguban A.A.; Bacosa H.P.","Breathing plastics in Metro Manila, Philippines: presence of suspended atmospheric microplastics in ambient air",2023,Sampling,Microscopy; µFTIR,159-4807,0.0119,,particles m-3,14.5092,121.035
"Romarate R.A., II; Ancla S.M.B.; Patilan D.M.M.; Inocente S.A.T.; Pacilan C.J.M.; Sinco A.L.; Guihawan J.Q.; Capangpangan R.Y.; Lubguban A.A.; Bacosa H.P.","Breathing plastics in Metro Manila, Philippines: presence of suspended atmospheric microplastics in ambient air",2023,Sampling,Microscopy; µFTIR,159-4807,0.0167,,particles m-3,14.6709,120.9509
"Romarate R.A., II; Ancla S.M.B.; Patilan D.M.M.; Inocente S.A.T.; Pacilan C.J.M.; Sinco A.L.; Guihawan J.Q.; Capangpangan R.Y.; Lubguban A.A.; Bacosa H.P.","Breathing plastics in Metro Manila, Philippines: presence of suspended atmospheric microplastics in ambient air",2023,Sampling,Microscopy; µFTIR,159-4807,0.0107,,particles m-3,14.5469,121.0675
"Romarate R.A., II; Ancla S.M.B.; Patilan D.M.M.; Inocente S.A.T.; Pacilan C.J.M.; Sinco A.L.; Guihawan J.Q.; Capangpangan R.Y.; Lubguban A.A.; Bacosa H.P.","Breathing plastics in Metro Manila, Philippines: presence of suspended atmospheric microplastics in ambient air",2023,Sampling,Microscopy; µFTIR,159-4807,0.0227,,particles m-3,14.5237,121.012
"Romarate R.A., II; Ancla S.M.B.; Patilan D.M.M.; Inocente S.A.T.; Pacilan C.J.M.; Sinco A.L.; Guihawan J.Q.; Capangpangan R.Y.; Lubguban A.A.; Bacosa H.P.","Breathing plastics in Metro Manila, Philippines: presence of suspended atmospheric microplastics in ambient air",2023,Sampling,Microscopy; µFTIR,159-4807,0.0036,,particles m-3,14.5833,121.0367
"Romarate R.A., II; Ancla S.M.B.; Patilan D.M.M.; Inocente S.A.T.; Pacilan C.J.M.; Sinco A.L.; Guihawan J.Q.; Capangpangan R.Y.; Lubguban A.A.; Bacosa H.P.","Breathing plastics in Metro Manila, Philippines: presence of suspended atmospheric microplastics in ambient air",2023,Sampling,Microscopy; µFTIR,159-4807,0.0084,,particles m-3,14.3822,121.0298
"Romarate R.A., II; Ancla S.M.B.; Patilan D.M.M.; Inocente S.A.T.; Pacilan C.J.M.; Sinco A.L.; Guihawan J.Q.; Capangpangan R.Y.; Lubguban A.A.; Bacosa H.P.","Breathing plastics in Metro Manila, Philippines: presence of suspended atmospheric microplastics in ambient air",2023,Sampling,Microscopy; µFTIR,159-4807,0.0107,,particles m-3,14.5922,120.9808
"Romarate R.A., II; Ancla S.M.B.; Patilan D.M.M.; Inocente S.A.T.; Pacilan C.J.M.; Sinco A.L.; Guihawan J.Q.; Capangpangan R.Y.; Lubguban A.A.; Bacosa H.P.","Breathing plastics in Metro Manila, Philippines: presence of suspended atmospheric microplastics in ambient air",2023,Sampling,Microscopy; µFTIR,159-4807,0.0072,,particles m-3,14.5758,121.0643
"Romarate R.A., II; Ancla S.M.B.; Patilan D.M.M.; Inocente S.A.T.; Pacilan C.J.M.; Sinco A.L.; Guihawan J.Q.; Capangpangan R.Y.; Lubguban A.A.; Bacosa H.P.","Breathing plastics in Metro Manila, Philippines: presence of suspended atmospheric microplastics in ambient air",2023,Sampling,Microscopy; µFTIR,159-4807,0.0143,,particles m-3,14.6579,120.9477
"Romarate R.A., II; Ancla S.M.B.; Patilan D.M.M.; Inocente S.A.T.; Pacilan C.J.M.; Sinco A.L.; Guihawan J.Q.; Capangpangan R.Y.; Lubguban A.A.; Bacosa H.P.","Breathing plastics in Metro Manila, Philippines: presence of suspended atmospheric microplastics in ambient air",2023,Sampling,Microscopy; µFTIR,159-4807,0.006,,particles m-3,14.6048,121.0317
"Romarate R.A., II; Ancla S.M.B.; Patilan D.M.M.; Inocente S.A.T.; Pacilan C.J.M.; Sinco A.L.; Guihawan J.Q.; Capangpangan R.Y.; Lubguban A.A.; Bacosa H.P.","Breathing plastics in Metro Manila, Philippines: presence of suspended atmospheric microplastics in ambient air",2023,Sampling,Microscopy; µFTIR,159-4807,0.006,,particles m-3,14.5614,121.0434
"Romarate R.A., II; Ancla S.M.B.; Patilan D.M.M.; Inocente S.A.T.; Pacilan C.J.M.; Sinco A.L.; Guihawan J.Q.; Capangpangan R.Y.; Lubguban A.A.; Bacosa H.P.","Breathing plastics in Metro Manila, Philippines: presence of suspended atmospheric microplastics in ambient air",2023,Sampling,Microscopy; µFTIR,159-4807,0.0227,,particles m-3,14.6388,121.0418
Celik-Saglam I.; Yurtsever M.; Civan M.; Yurdakul S.; Cetin B.,"Evaluation of levels and sources of microplastics and phthalic acid esters and their relationships in the atmosphere of highly industrialized and urbanized Gebze, Türkiye",2023,Sampling,Nile Red; ATR-FTIR,>1um,14998,,particles m-3,40.8,29.36
Huang X.; Chen Y.; Meng Y.; Liu G.,Mitigating airborne microplastics pollution from perspectives of precipitation and underlying surface types,2023,Deposition,µFTIR,> 11,192,133,particles m-2 d-1,30.5643,103.9957
Huang X.; Chen Y.; Meng Y.; Liu G.,Mitigating airborne microplastics pollution from perspectives of precipitation and underlying surface types,2023,Deposition,µFTIR,> 11,180,97,particles m-2 d-1,30.5636,103.9965
Kyriakoudes G.; Turner A.,Suspended and deposited microplastics in the coastal atmosphere of southwest England,2023,Sampling,Microscopy; FTIR,> 11,0.082,,particles m-3,50.38,355.86
Kyriakoudes G.; Turner A.,Suspended and deposited microplastics in the coastal atmosphere of southwest England,2023,Deposition,Microscopy; FTIR,> 11,42.48,,particles m-2 d-1,50.38,355.86
Costa-Gómez I.; Suarez-Suarez M.; Moreno J.M.; Moreno-Grau S.; Negral L.; Arroyo-Manzanares N.; López-García I.; Peñalver R.,A novel application of thermogravimetry-mass spectrometry for polystyrene quantification in the PM10 and PM2.5 fractions of airborne microplastics,2023,Sampling,TGA-MS,< 10,2.09,0.8,ng/m3,37.35,359.42
Costa-Gómez I.; Suarez-Suarez M.; Moreno J.M.; Moreno-Grau S.; Negral L.; Arroyo-Manzanares N.; López-García I.; Peñalver R.,A novel application of thermogravimetry-mass spectrometry for polystyrene quantification in the PM10 and PM2.5 fractions of airborne microplastics,2023,Sampling,TGA-MS,<2.5,1.81,0.6,ng/m3,37.35,359.42
Yuan Z.; Pei C.; Li H.; Lin L.; Liu S.; Hou R.; Liao R.; Xu X.,"Atmospheric microplastics at a southern China metropolis: Occurrence, deposition flux, exposure risk and washout effect of rainfall",2023,Sampling,µFTIR,> 11,0.17,,particles m-3,23,113
Yuan Z.; Pei C.; Li H.; Lin L.; Liu S.; Hou R.; Liao R.; Xu X.,"Atmospheric microplastics at a southern China metropolis: Occurrence, deposition flux, exposure risk and washout effect of rainfall",2023,Deposition,µFTIR,> 11,65.94,7.53,particles m-2 d-1,23,113
Li J.; Zhang J.; Ren S.; Huang D.; Liu F.; Li Z.; Zhang H.; Zhao M.; Cao Y.; Mofolo S.; Liang J.; Xu W.; Jones D.L.; Chadwick D.R.; Liu X.; Wang K.,Atmospheric deposition of microplastics in a rural region of North China Plain,2023,Deposition,µFTIR,> 11,11554,,particles m-2 d-1,36.78,114.94
Yuan Z.; Pei C.-L.; Li H.-X.; Lin L.; Hou R.; Liu S.; Zhang K.; Cai M.-G.; Xu X.-R.,Vertical distribution and transport of microplastics in the urban atmosphere: New insights from field observations,2023,Sampling,µFTIR,> 11,0.05,0.03,particles m-3,23.13,113.26
Zhang R.; Jia X.; Wang K.; Lu L.; Li F.; Li J.; Xu L.,"Characteristics, sources and influencing factors of atmospheric deposition of microplastics in three different ecosystems of Beijing, China",2023,Deposition,µFTIR,> 11,125,,particles m-2 d-1,39.58,115.26
Zhang R.; Jia X.; Wang K.; Lu L.; Li F.; Li J.; Xu L.,"Characteristics, sources and influencing factors of atmospheric deposition of microplastics in three different ecosystems of Beijing, China",2023,Deposition,µFTIR,> 11,180,,particles m-2 d-1,40.11,116.26
Zhang R.; Jia X.; Wang K.; Lu L.; Li F.; Li J.; Xu L.,"Characteristics, sources and influencing factors of atmospheric deposition of microplastics in three different ecosystems of Beijing, China",2023,Deposition,µFTIR,> 11,395,,particles m-2 d-1,40.01,116.34
Liu B.; Lu Y.; Deng H.; Huang H.; Wei N.; Jiang Y.; Jiang Y.; Liu L.; Sun K.; Zheng H.,Occurrence of microplastics in the seawater and atmosphere of the South China Sea: Pollution patterns and interrelationship,2023,Sampling,µFTIR,> 11,0.063,,particles m-3,18,112
Liu B.; Lu Y.; Deng H.; Huang H.; Wei N.; Jiang Y.; Jiang Y.; Liu L.; Sun K.; Zheng H.,Occurrence of microplastics in the seawater and atmosphere of the South China Sea: Pollution patterns and interrelationship,2023,Sampling,µFTIR,> 11,0.044,,particles m-3,19,115
Liu B.; Lu Y.; Deng H.; Huang H.; Wei N.; Jiang Y.; Jiang Y.; Liu L.; Sun K.; Zheng H.,Occurrence of microplastics in the seawater and atmosphere of the South China Sea: Pollution patterns and interrelationship,2023,Sampling,µFTIR,> 11,0.059,,particles m-3,16,116
Liu B.; Lu Y.; Deng H.; Huang H.; Wei N.; Jiang Y.; Jiang Y.; Liu L.; Sun K.; Zheng H.,Occurrence of microplastics in the seawater and atmosphere of the South China Sea: Pollution patterns and interrelationship,2023,Sampling,µFTIR,> 11,0.146,,particles m-3,11,115
Liu B.; Lu Y.; Deng H.; Huang H.; Wei N.; Jiang Y.; Jiang Y.; Liu L.; Sun K.; Zheng H.,Occurrence of microplastics in the seawater and atmosphere of the South China Sea: Pollution patterns and interrelationship,2023,Sampling,µFTIR,> 11,0.031,,particles m-3,10,113
Liu B.; Lu Y.; Deng H.; Huang H.; Wei N.; Jiang Y.; Jiang Y.; Liu L.; Sun K.; Zheng H.,Occurrence of microplastics in the seawater and atmosphere of the South China Sea: Pollution patterns and interrelationship,2023,Sampling,µFTIR,> 11,0.017,,particles m-3,12,113
Liu B.; Lu Y.; Deng H.; Huang H.; Wei N.; Jiang Y.; Jiang Y.; Liu L.; Sun K.; Zheng H.,Occurrence of microplastics in the seawater and atmosphere of the South China Sea: Pollution patterns and interrelationship,2023,Sampling,µFTIR,> 11,0.017,,particles m-3,15,113
Liu B.; Lu Y.; Deng H.; Huang H.; Wei N.; Jiang Y.; Jiang Y.; Liu L.; Sun K.; Zheng H.,Occurrence of microplastics in the seawater and atmosphere of the South China Sea: Pollution patterns and interrelationship,2023,Sampling,µFTIR,> 11,0.058,,particles m-3,15,112
Liu B.; Lu Y.; Deng H.; Huang H.; Wei N.; Jiang Y.; Jiang Y.; Liu L.; Sun K.; Zheng H.,Occurrence of microplastics in the seawater and atmosphere of the South China Sea: Pollution patterns and interrelationship,2023,Sampling,µFTIR,> 11,0.042,,particles m-3,15,112
Liu B.; Lu Y.; Deng H.; Huang H.; Wei N.; Jiang Y.; Jiang Y.; Liu L.; Sun K.; Zheng H.,Occurrence of microplastics in the seawater and atmosphere of the South China Sea: Pollution patterns and interrelationship,2023,Sampling,µFTIR,> 11,0.016,,particles m-3,15,112
Liu B.; Lu Y.; Deng H.; Huang H.; Wei N.; Jiang Y.; Jiang Y.; Liu L.; Sun K.; Zheng H.,Occurrence of microplastics in the seawater and atmosphere of the South China Sea: Pollution patterns and interrelationship,2023,Sampling,µFTIR,> 11,0.045,,particles m-3,15,112
Liu B.; Lu Y.; Deng H.; Huang H.; Wei N.; Jiang Y.; Jiang Y.; Liu L.; Sun K.; Zheng H.,Occurrence of microplastics in the seawater and atmosphere of the South China Sea: Pollution patterns and interrelationship,2023,Sampling,µFTIR,> 11,0.018,,particles m-3,18,111
López-Rosales A.; Ferreiro B.; Andrade J.; Fernández-Amado M.; González-Pleiter M.; López-Mahía P.; Rosal R.; Muniategui-Lorenzo S.,A reliable method to determine airborne microplastics using quantum cascade laser infrared spectrometry,2024,Deposition,QCL-LDIR,> 20,98,,particles m-2 d-1,43.2,-8.21
Xu L.; Li J.; Yang S.; Li Z.; Liu Y.; Zhao Y.; Liu D.; Targino A.C.; Zheng Z.; Yu M.; Xu P.; Sun Y.; Li W.,"Characterization of atmospheric microplastics in Hangzhou, a megacity of the Yangtze river delta, China",2024,Sampling,µRaman,> 2,3.2,0.5,particles m-3,30.3,120.1
Xu L.; Li J.; Yang S.; Li Z.; Liu Y.; Zhao Y.; Liu D.; Targino A.C.; Zheng Z.; Yu M.; Xu P.; Sun Y.; Li W.,"Characterization of atmospheric microplastics in Hangzhou, a megacity of the Yangtze river delta, China",2024,Deposition,µRaman,> 2,1387.8,237.7,particles m-2 d-1,30.3,120.1
Long X.; Zhang S.; Huang D.; Chang C.; Peng C.; Liu K.; Wang K.; Liu X.; Fu T.-M.; Han Y.; Li P.; Han Y.; Cao J.; Li X.; Guo Z.; Chen Y.,Atmospheric Microplastics Emission Source Potentials and Deposition Patterns in Semi-Arid Croplands of Northern China,2024,Sampling,Microscopy; µFTIR,>11,0.088,0.039,particles m-3,42.14,114.81
Du A.; Zhao Y.; Hu C.; Wang X.; Cheng H.; Xia W.; Wang L.; Xing J.,Distribution Characteristics of Atmospheric Microplastics in Typical Desert Agricultural Regions,2024,Sampling,Microscopy; µFTIR,>83,103.21,22.12,particles m-3,40.49,81.32
Myat Y.N.; Kongpran J.; Vattanasit U.; Tanaka S.,Airborne microplastics in the roadside and residential areas of Southern Thailand,2024,Sampling,Microscopy; µFTIR,> 11,0.8,0.43,particles m-3,8.537,99.7
Myat Y.N.; Kongpran J.; Vattanasit U.; Tanaka S.,Airborne microplastics in the roadside and residential areas of Southern Thailand,2024,Sampling,Microscopy; µFTIR,> 11,0.62,0.27,particles m-3,8.537,99.7
Chenappan N.K.; Ibrahim Y.S.; Anuar S.T.; Yusof K.M.K.K.; Jaafar M.; Ahamad F.; Sulaiman W.Z.W.; Mohamad N.,"Quantification and characterization of airborne microplastics in the coastal area of Terengganu, Malaysia",2024,Deposition,Microscopy; µFTIR,> 11,5476,3796,particles m-2 d-1,5.4119,103.0857
Illuminati S.; Notarstefano V.; Tinari C.; Fanelli M.; Girolametti F.; Ajdini B.; Scarchilli C.; Ciardini V.; Iaccarino A.; Giorgini E.; Annibaldi A.; Truzzi C.,"Microplastics in bulk atmospheric deposition along the coastal region of Victoria Land, Antarctica",2024,Deposition,µRaman,5 - 400,1.7,1.1,particles m-2 d-1,-74.7,164.1167
Wang C.; Guo M.; Yan B.; Wei J.; Liu F.; Li Q.; Bo Y.,Characteristics of microplastics in the atmosphere of Anyang City,2024,Sampling,Microscopy; µFTIR,<2.5,0.29,,particles m-3,36.0708,114.3586
Ankit Y.; Ajay K.; Nischal S.; Kaushal S.; Kataria V.; Dietze E.; Anoop A.,"Atmospheric deposition of microplastics in an urban conglomerate near to the foothills of Indian Himalayas: Investigating the quantity, chemical character, possible sources and transport mechanisms",2024,Deposition,Microscopy; µRaman,>2,2256,1221,particles m-2 d-1,30.6653,76.7297
Wei Y.; Yu Y.; Cao X.; Wang B.; Yu D.; Wang J.; Liu Z.,Remote Mountainous Area Inevitably Becomes Temporal Sink for Microplastics Driven by Atmospheric Transport,2024,Sampling,Microscopy; µRaman,<2.5,0.3,,particles m-3,34.143,107.936
Wei Y.; Yu Y.; Cao X.; Wang B.; Yu D.; Wang J.; Liu Z.,Remote Mountainous Area Inevitably Becomes Temporal Sink for Microplastics Driven by Atmospheric Transport,2024,Sampling,Microscopy; µRaman,<10,0.7,,particles m-3,34.143,107.936
Wei Y.; Yu Y.; Cao X.; Wang B.; Yu D.; Wang J.; Liu Z.,Remote Mountainous Area Inevitably Becomes Temporal Sink for Microplastics Driven by Atmospheric Transport,2024,Sampling,Microscopy; µRaman,<100,1.7,1,particles m-3,34.143,107.936
Adhikari K.; Pearce C.I.; Sanguinet K.A.; Bary A.I.; Chowdhury I.; Eggleston I.; Xing B.; Flury M.,Accumulation of microplastics in soil after long-term application of biosolids and atmospheric deposition,2024,Deposition,Microscopy; µFTIR,>11,9,,particles m-2 d-1,47.9167,240.2
Wang K.; Liu Y.; Shi X.; Zhao S.; Sun B.; Lu J.; Li W.,Characterization and traceability analysis of dry deposition of atmospheric microplastics (MPs) in Wuliangsuhai Lake,2024,Deposition,Microscopy; µRaman,>50,2065,789,particles m-2 d-1,40.9506,108.9622
Wang K.; Liu Y.; Shi X.; Zhao S.; Sun B.; Lu J.; Li W.,Characterization and traceability analysis of dry deposition of atmospheric microplastics (MPs) in Wuliangsuhai Lake,2024,Deposition,Microscopy; µRaman,>50,3073,1354,particles m-2 d-1,41.1341,108.8639
Wang K.; Liu Y.; Shi X.; Zhao S.; Sun B.; Lu J.; Li W.,Characterization and traceability analysis of dry deposition of atmospheric microplastics (MPs) in Wuliangsuhai Lake,2024,Deposition,Microscopy; µRaman,>50,4468,1986,particles m-2 d-1,41.0363,108.8301
Wang K.; Liu Y.; Shi X.; Zhao S.; Sun B.; Lu J.; Li W.,Characterization and traceability analysis of dry deposition of atmospheric microplastics (MPs) in Wuliangsuhai Lake,2024,Deposition,Microscopy; µRaman,>50,2829,1243,particles m-2 d-1,40.9748,108.9173
Wang K.; Liu Y.; Shi X.; Zhao S.; Sun B.; Lu J.; Li W.,Characterization and traceability analysis of dry deposition of atmospheric microplastics (MPs) in Wuliangsuhai Lake,2024,Deposition,Microscopy; µRaman,>50,3909,1526,particles m-2 d-1,40.7759,108.7081
Wang K.; Liu Y.; Shi X.; Zhao S.; Sun B.; Lu J.; Li W.,Characterization and traceability analysis of dry deposition of atmospheric microplastics (MPs) in Wuliangsuhai Lake,2024,Deposition,Microscopy; µRaman,>50,3885,1643,particles m-2 d-1,40.8219,108.7819
Kernchen S.; Schmalz H.; Löder M.G.J.; Georgi C.; Einhorn A.; Greiner A.; Nölscher A.C.; Laforsch C.; Held A.,Atmospheric deposition studies of microplastics in Central Germany,2024,Deposition,Microscopy; µRaman,<10,207,,particles m-2 d-1,51.3248,9.5247
Kernchen S.; Schmalz H.; Löder M.G.J.; Georgi C.; Einhorn A.; Greiner A.; Nölscher A.C.; Laforsch C.; Held A.,Atmospheric deposition studies of microplastics in Central Germany,2024,Deposition,Microscopy; µFTIR,>11,17,14,particles m-2 d-1,51.3248,9.5247
Mandal M.; Roy A.; Singh P.; Sarkar A.,Quantification and characterization of airborne microplastics and their possible hazards: a case study from an urban sprawl in eastern India,2024,Depositon,Microscopy; Nile Red; µFTIR,>50,122.25,76.96,particles m-2 d-1,24.8602,88.0192
Mandal M.; Roy A.; Singh P.; Sarkar A.,Quantification and characterization of airborne microplastics and their possible hazards: a case study from an urban sprawl in eastern India,2024,Depositon,Microscopy; Nile Red; µFTIR,>50,387.67,89.23,particles m-2 d-1,24.9091,88.087
Mandal M.; Roy A.; Singh P.; Sarkar A.,Quantification and characterization of airborne microplastics and their possible hazards: a case study from an urban sprawl in eastern India,2024,Depositon,Microscopy; Nile Red; µFTIR,>50,251.86,108.99,particles m-2 d-1,25.0107,88.1412
Lu L.; Zhang R.; Wang K.; Tian J.; Wu Q.; Xu L.,"Occurrence, influencing factors and sources of atmospheric microplastics in peri-urban farmland ecosystems of Beijing, China",2024,Deposition,Microscopy; µFTIR,>11,347.2,75.06,particles m-2 d-1,39.677,116.441
Lu L.; Zhang R.; Wang K.; Tian J.; Wu Q.; Xu L.,"Occurrence, influencing factors and sources of atmospheric microplastics in peri-urban farmland ecosystems of Beijing, China",2024,Deposition,Microscopy; µFTIR,>11,167.25,71.55,particles m-2 d-1,39.942,116.277
Lu L.; Zhang R.; Wang K.; Tian J.; Wu Q.; Xu L.,"Occurrence, influencing factors and sources of atmospheric microplastics in peri-urban farmland ecosystems of Beijing, China",2024,Deposition,Microscopy; µFTIR,>11,144.31,52.02,particles m-2 d-1,40.191,116.81
Lu L.; Zhang R.; Wang K.; Tian J.; Wu Q.; Xu L.,"Occurrence, influencing factors and sources of atmospheric microplastics in peri-urban farmland ecosystems of Beijing, China",2024,Deposition,Microscopy; µFTIR,>11,139.87,47.38,particles m-2 d-1,39.699,116.695
Lu L.; Zhang R.; Wang K.; Tian J.; Wu Q.; Xu L.,"Occurrence, influencing factors and sources of atmospheric microplastics in peri-urban farmland ecosystems of Beijing, China",2024,Deposition,Microscopy; µFTIR,>11,110.84,61.39,particles m-2 d-1,39.655,116.032
Lu L.; Zhang R.; Wang K.; Tian J.; Wu Q.; Xu L.,"Occurrence, influencing factors and sources of atmospheric microplastics in peri-urban farmland ecosystems of Beijing, China",2024,Deposition,Microscopy; µFTIR,>11,93.05,65.54,particles m-2 d-1,39.972,116.02
Jiang K.; Zhu J.; Su K.; Wang X.; Li G.; Deng M.; Zhang C.,Tracing the Transport and Residence Times of Atmospheric Microplastics Using Natural Radionuclides,2024,Sampling,Microscopy; µFTIR; SEM,>11,0.072028,0.02737,particles m-3,39.1667,117.2631
Abbasi S.; Ahmadi F.; Khodabakhshloo N.; Pourmahmood H.; Esfandiari A.; Mokhtarzadeh Z.; Rahnama S.; Dehbandi R.; Vazirzadeh A.; Turner A.,"Atmospheric deposition of microplastics in Shiraz, Iran",2024,Deposition,Microscopy; µRaman,>30,19.694,29.417,particles m-2 d-1,29.592,52.583
Abbasi S.; Ahmadi F.; Khodabakhshloo N.; Pourmahmood H.; Esfandiari A.; Mokhtarzadeh Z.; Rahnama S.; Dehbandi R.; Vazirzadeh A.; Turner A.,"Atmospheric deposition of microplastics in Shiraz, Iran",2024,Deposition,Microscopy; µRaman,>30,10,14.0559,particles m-2 d-1,29.592,52.583
Abbasi S.; Ahmadi F.; Khodabakhshloo N.; Pourmahmood H.; Esfandiari A.; Mokhtarzadeh Z.; Rahnama S.; Dehbandi R.; Vazirzadeh A.; Turner A.,"Atmospheric deposition of microplastics in Shiraz, Iran",2024,Deposition,Microscopy; µRaman,>30,10.333,13.6728,particles m-2 d-1,29.592,52.583
Abbasi S.; Ahmadi F.; Khodabakhshloo N.; Pourmahmood H.; Esfandiari A.; Mokhtarzadeh Z.; Rahnama S.; Dehbandi R.; Vazirzadeh A.; Turner A.,"Atmospheric deposition of microplastics in Shiraz, Iran",2024,Deposition,Microscopy; µRaman,>30,18.686,24.74776,particles m-2 d-1,29.592,52.583
Abbasi S.; Ahmadi F.; Khodabakhshloo N.; Pourmahmood H.; Esfandiari A.; Mokhtarzadeh Z.; Rahnama S.; Dehbandi R.; Vazirzadeh A.; Turner A.,"Atmospheric deposition of microplastics in Shiraz, Iran",2024,Deposition,Microscopy; µRaman,>30,8.9739,11.4061,particles m-2 d-1,29.592,52.583
Abbasi S.; Ahmadi F.; Khodabakhshloo N.; Pourmahmood H.; Esfandiari A.; Mokhtarzadeh Z.; Rahnama S.; Dehbandi R.; Vazirzadeh A.; Turner A.,"Atmospheric deposition of microplastics in Shiraz, Iran",2024,Deposition,Microscopy; µRaman,>30,13.51,22.38,particles m-2 d-1,29.592,52.583
Liu Z.; Liang T.; Liu X.,"Characteristics, distribution patterns and sources of atmospheric microplastics in the Bohai and Yellow Seas, China",2024,Sampling,Microscopy; LDIR,>30,5.83,5.57,particles per 100 m-3,35.0469,122.9556
Liu Z.; Liang T.; Liu X.,"Characteristics, distribution patterns and sources of atmospheric microplastics in the Bohai and Yellow Seas, China",2024,Sampling,Microscopy; LDIR,>30,6.28,4.98,particles per 100 m-3,36.797,123.1791
Liu Z.; Liang T.; Liu X.,"Characteristics, distribution patterns and sources of atmospheric microplastics in the Bohai and Yellow Seas, China",2024,Sampling,Microscopy; LDIR,>30,9.25,4.98,particles per 100 m-3,38.41,122.9601
Liu Z.; Liang T.; Liu X.,"Characteristics, distribution patterns and sources of atmospheric microplastics in the Bohai and Yellow Seas, China",2024,Sampling,Microscopy; LDIR,>30,7.42,0.83,particles per 100 m-3,38.6786,119.3811
Liu Z.; Liang T.; Liu X.,"Characteristics, distribution patterns and sources of atmospheric microplastics in the Bohai and Yellow Seas, China",2024,Sampling,Microscopy; LDIR,>30,4.55,1.4,particles per 100 m-3,35.0469,122.9556
Liu Z.; Liang T.; Liu X.,"Characteristics, distribution patterns and sources of atmospheric microplastics in the Bohai and Yellow Seas, China",2024,Sampling,Microscopy; LDIR,>30,2.9,0.3,particles per 100 m-3,36.797,123.1791
Liu Z.; Liang T.; Liu X.,"Characteristics, distribution patterns and sources of atmospheric microplastics in the Bohai and Yellow Seas, China",2024,Sampling,Microscopy; LDIR,>30,5.73,"3,97",particles per 100 m-3,38.41,122.9601
Liu Z.; Liang T.; Liu X.,"Characteristics, distribution patterns and sources of atmospheric microplastics in the Bohai and Yellow Seas, China",2024,Sampling,Microscopy; LDIR,>30,8.99,4.56,particles per 100 m-3,38.6786,119.3811
Ferraz G.M.; de Moraes A.D.S.; dos Santos G.B.; de Miranda I.T.; Zucolotto V.; Urban R.C.,Atmospheric microplastics deposition assessment in a countryside municipality in Southeastern Brazil: A case study at a state elementary school,2024,Deposition,µRaman,>25,58.87,43.33,particles m-2 d-1,-22.0133,312.1097
Jiang J.; Ren H.; Wang X.; Liu B.,"Pollution characteristics and potential health effects of airborne microplastics and culturable microorganisms during urban haze in Harbin, China",2024,Sampling,Microscopy; µRaman,>6.8,162.6,44.6,particles m-3,45.755,126.6394
Jiang J.; Ren H.; Wang X.; Liu B.,"Pollution characteristics and potential health effects of airborne microplastics and culturable microorganisms during urban haze in Harbin, China",2024,Sampling,Microscopy; µRaman,>6.8,63.2,21.8,particles m-3,45.7539,126.6817
Jiang J.; Ren H.; Wang X.; Liu B.,"Pollution characteristics and potential health effects of airborne microplastics and culturable microorganisms during urban haze in Harbin, China",2024,Sampling,Microscopy; µRaman,>6.8,12.8,5.5,particles m-3,45.7006,126.672
Wang X.; Ouyang Z.; He Y.; Ding L.; Liang X.; Guo X.,"An important source of terrestrial microplastics-atmospheric deposition: A microplastics survey based on Shaanxi, China",2024,Deposition,Microscopy; µFTIR,>11,349.6,,particles m-2 d-1,34.27427,108.9657
Wang X.; Ouyang Z.; He Y.; Ding L.; Liang X.; Guo X.,"An important source of terrestrial microplastics-atmospheric deposition: A microplastics survey based on Shaanxi, China",2024,Deposition,Microscopy; µFTIR,>11,281.4,,particles m-2 d-1,34.35042,108.9855
Wang X.; Ouyang Z.; He Y.; Ding L.; Liang X.; Guo X.,"An important source of terrestrial microplastics-atmospheric deposition: A microplastics survey based on Shaanxi, China",2024,Deposition,Microscopy; µFTIR,>11,236.9,,particles m-2 d-1,34.19314,108.88781
Wang X.; Ouyang Z.; He Y.; Ding L.; Liang X.; Guo X.,"An important source of terrestrial microplastics-atmospheric deposition: A microplastics survey based on Shaanxi, China",2024,Deposition,Microscopy; µFTIR,>11,231.1,,particles m-2 d-1,34.48962,109.522
Wang X.; Ouyang Z.; He Y.; Ding L.; Liang X.; Guo X.,"An important source of terrestrial microplastics-atmospheric deposition: A microplastics survey based on Shaanxi, China",2024,Deposition,Microscopy; µFTIR,>11,258.6,,particles m-2 d-1,34.34968,108.7328
Wang X.; Ouyang Z.; He Y.; Ding L.; Liang X.; Guo X.,"An important source of terrestrial microplastics-atmospheric deposition: A microplastics survey based on Shaanxi, China",2024,Deposition,Microscopy; µFTIR,>11,224.5,,particles m-2 d-1,34.34562,107.2335
Wang X.; Ouyang Z.; He Y.; Ding L.; Liang X.; Guo X.,"An important source of terrestrial microplastics-atmospheric deposition: A microplastics survey based on Shaanxi, China",2024,Deposition,Microscopy; µFTIR,>11,142.2,,particles m-2 d-1,33.06836,107.0443
Wang X.; Ouyang Z.; He Y.; Ding L.; Liang X.; Guo X.,"An important source of terrestrial microplastics-atmospheric deposition: A microplastics survey based on Shaanxi, China",2024,Deposition,Microscopy; µFTIR,>11,189.7,,particles m-2 d-1,38.26857,109.7675
Wang X.; Ouyang Z.; He Y.; Ding L.; Liang X.; Guo X.,"An important source of terrestrial microplastics-atmospheric deposition: A microplastics survey based on Shaanxi, China",2024,Deposition,Microscopy; µFTIR,>11,130.2,,particles m-2 d-1,32.68421,109.0417
Wang X.; Ouyang Z.; He Y.; Ding L.; Liang X.; Guo X.,"An important source of terrestrial microplastics-atmospheric deposition: A microplastics survey based on Shaanxi, China",2024,Deposition,Microscopy; µFTIR,>11,161.4,,particles m-2 d-1,33.86029,109.9578
Wang X.; Ouyang Z.; He Y.; Ding L.; Liang X.; Guo X.,"An important source of terrestrial microplastics-atmospheric deposition: A microplastics survey based on Shaanxi, China",2024,Deposition,Microscopy; µFTIR,>11,162.3,,particles m-2 d-1,36.61996,109.4631
Wang X.; Ouyang Z.; He Y.; Ding L.; Liang X.; Guo X.,"An important source of terrestrial microplastics-atmospheric deposition: A microplastics survey based on Shaanxi, China",2024,Deposition,Microscopy; µFTIR,>11,97.6,,particles m-2 d-1,34.90982,108.9895
Xu S.; Cui B.; Zhang W.; Liu R.; Liu H.; Zhu X.; Huang X.; Liu M.,Microplastics in the atmospheric of the eastern coast of China: different function areas reflecting various sources and transport,2024,Sampling,LDIR,>10,3.74,2.86,particles m-3,26.0523,119.2925
Xu S.; Cui B.; Zhang W.; Liu R.; Liu H.; Zhu X.; Huang X.; Liu M.,Microplastics in the atmospheric of the eastern coast of China: different function areas reflecting various sources and transport,2024,Sampling,LDIR,>10,2.67,1.68,particles m-3,26.03,119.6265
Zhu J.; Xu A.; Shi M.; Su Y.; Liu W.; Zhang Y.; She Z.; Xing X.; Qi S.,Atmospheric deposition is an important pathway for inputting microplastics: Insight into the spatiotemporal distribution and deposition flux in a mega city,2024,Deposition,Microscopy; µRaman,>2,315.225,226.4265646,particles m-2 d-1,30.905562,114.360851
Zhu J.; Xu A.; Shi M.; Su Y.; Liu W.; Zhang Y.; She Z.; Xing X.; Qi S.,Atmospheric deposition is an important pathway for inputting microplastics: Insight into the spatiotemporal distribution and deposition flux in a mega city,2024,Deposition,Microscopy; µRaman,>2,372.75,264.2033623,particles m-2 d-1,30.457544,114.617104
Zhu J.; Xu A.; Shi M.; Su Y.; Liu W.; Zhang Y.; She Z.; Xing X.; Qi S.,Atmospheric deposition is an important pathway for inputting microplastics: Insight into the spatiotemporal distribution and deposition flux in a mega city,2024,Deposition,Microscopy; µRaman,>2,286.375,182.536469,particles m-2 d-1,30.798448,114.699912
Zhu J.; Xu A.; Shi M.; Su Y.; Liu W.; Zhang Y.; She Z.; Xing X.; Qi S.,Atmospheric deposition is an important pathway for inputting microplastics: Insight into the spatiotemporal distribution and deposition flux in a mega city,2024,Deposition,Microscopy; µRaman,>2,384.25,279.160796,particles m-2 d-1,30.251142,114.321211
Zhu J.; Xu A.; Shi M.; Su Y.; Liu W.; Zhang Y.; She Z.; Xing X.; Qi S.,Atmospheric deposition is an important pathway for inputting microplastics: Insight into the spatiotemporal distribution and deposition flux in a mega city,2024,Deposition,Microscopy; µRaman,>2,286.25,184.4001537,particles m-2 d-1,30.531944,114.024444
Zhu J.; Xu A.; Shi M.; Su Y.; Liu W.; Zhang Y.; She Z.; Xing X.; Qi S.,Atmospheric deposition is an important pathway for inputting microplastics: Insight into the spatiotemporal distribution and deposition flux in a mega city,2024,Deposition,Microscopy; µRaman,>2,360.25,230.535066,particles m-2 d-1,30.419515,113.925076
Zhu J.; Xu A.; Shi M.; Su Y.; Liu W.; Zhang Y.; She Z.; Xing X.; Qi S.,Atmospheric deposition is an important pathway for inputting microplastics: Insight into the spatiotemporal distribution and deposition flux in a mega city,2024,Deposition,Microscopy; µRaman,>2,378.625,308.0187697,particles m-2 d-1,30.378611,114.329722
Zhu J.; Xu A.; Shi M.; Su Y.; Liu W.; Zhang Y.; She Z.; Xing X.; Qi S.,Atmospheric deposition is an important pathway for inputting microplastics: Insight into the spatiotemporal distribution and deposition flux in a mega city,2024,Deposition,Microscopy; µRaman,>2,275.0125,160.8072364,particles m-2 d-1,30.704151,114.085182
Zhu J.; Xu A.; Shi M.; Su Y.; Liu W.; Zhang Y.; She Z.; Xing X.; Qi S.,Atmospheric deposition is an important pathway for inputting microplastics: Insight into the spatiotemporal distribution and deposition flux in a mega city,2024,Deposition,Microscopy; µRaman,>2,345.95,236.7672627,particles m-2 d-1,30.585018,114.253937
Zhu J.; Xu A.; Shi M.; Su Y.; Liu W.; Zhang Y.; She Z.; Xing X.; Qi S.,Atmospheric deposition is an important pathway for inputting microplastics: Insight into the spatiotemporal distribution and deposition flux in a mega city,2024,Deposition,Microscopy; µRaman,>2,353.95,270.7437349,particles m-2 d-1,30.625278,114.363611
Zhu J.; Xu A.; Shi M.; Su Y.; Liu W.; Zhang Y.; She Z.; Xing X.; Qi S.,Atmospheric deposition is an important pathway for inputting microplastics: Insight into the spatiotemporal distribution and deposition flux in a mega city,2024,Deposition,Microscopy; µRaman,>2,338.875,243.4390324,particles m-2 d-1,30.525556,114.392778
Zhu J.; Xu A.; Shi M.; Su Y.; Liu W.; Zhang Y.; She Z.; Xing X.; Qi S.,Atmospheric deposition is an important pathway for inputting microplastics: Insight into the spatiotemporal distribution and deposition flux in a mega city,2024,Deposition,Microscopy; µRaman,>2,321.75,193.0830996,particles m-2 d-1,30.554851,114.204954
Jung C.-C.; Chao Y.-C.; Hsu H.-T.; Gong D.-W.,Spatial and seasonal variations of atmospheric microplastics in high and low population density areas at the intersection of tropical and subtropical regions,2024,Sampling,Microscopy; µRaman,>3,2.2,2.97,particles m-3,24.303306,120.710389
Jung C.-C.; Chao Y.-C.; Hsu H.-T.; Gong D.-W.,Spatial and seasonal variations of atmospheric microplastics in high and low population density areas at the intersection of tropical and subtropical regions,2024,Sampling,Microscopy; µRaman,>3,1.92,2.35,particles m-3,24.32,120.75
Dahal Y.; Babel S.,"Abundance and characteristics of atmospheric microplastics deposition in indoor and outdoor environments in Bangkok, Thailand",2024,Deposition,Microscopy; Nile Red; µFTIR,>53,103,52,particles m-2 d-1,13.746056,100.53075
Dahal Y.; Babel S.,"Abundance and characteristics of atmospheric microplastics deposition in indoor and outdoor environments in Bangkok, Thailand",2024,Deposition,Microscopy; Nile Red; µFTIR,>53,238,109,particles m-2 d-1,13.991194,100.646861
Dahal Y.; Babel S.,"Abundance and characteristics of atmospheric microplastics deposition in indoor and outdoor environments in Bangkok, Thailand",2024,Deposition,Microscopy; Nile Red; µFTIR,>53,263,128,particles m-2 d-1,13.982389,100.536944
Winijkul E.; Latt K.Z.; Limsiriwong K.; Pussayanavin T.; Prapaspongsa T.,"Depositions of airborne microplastics during the wet and dry seasons in Pathum Thani, Thailand",2024,Deposition,Microscopy; µFTIR,>44,325,,particles m-2 d-1,14.08,100.61
Jia B.; Zhu K.; Bai Z.; Abudula A.; Liu B.; Yan J.; Wu Z.; Tan H.; Liu Q.; Morawska L.; Wang L.; Chen J.,"Non targeted and targeted LC-MS/MS insights into the composition and concentration of atmospheric microplastics and additives: Impacts and regional changes of sandstorms in Shanghai and Hohhot, China",2024,Sampling,LC-MS/MS,<2.5,3531.59,,ng m-3,40.81,111.68
Jia B.; Zhu K.; Bai Z.; Abudula A.; Liu B.; Yan J.; Wu Z.; Tan H.; Liu Q.; Morawska L.; Wang L.; Chen J.,"Non targeted and targeted LC-MS/MS insights into the composition and concentration of atmospheric microplastics and additives: Impacts and regional changes of sandstorms in Shanghai and Hohhot, China",2024,Sampling,LC-MS/MS,<2.5,589.85,,ng m-3,31.3,121.5
Liu P.; Shao L.; Zhang Y.; Silvonen V.; Oswin H.; Cao Y.; Guo Z.; Ma X.; Morawska L.,"Comparative study on physicochemical characteristics of atmospheric microplastics in winter in inland and coastal megacities: A case of Beijing and Shanghai, China",2024,Sampling,LDIR; SEM-EDX,>20,3,,particles m-3,40,116.4
Liu P.; Shao L.; Zhang Y.; Silvonen V.; Oswin H.; Cao Y.; Guo Z.; Ma X.; Morawska L.,"Comparative study on physicochemical characteristics of atmospheric microplastics in winter in inland and coastal megacities: A case of Beijing and Shanghai, China",2024,Sampling,LDIR; SEM-EDX,>20,1.7,,particles m-3,31.2,121.3
Patnana D.P.; Chandra B.P.,Determination of mass concentrations of airborne PET microplastics using liquid chromatography coupled to tandem mass spectrometry (LC-MS/MS),2024,Sampling,LC-MS/MS,<2.5,135.2,,ng m-3,28.59,77.22
Patnana D.P.; Chandra B.P.,Determination of mass concentrations of airborne PET microplastics using liquid chromatography coupled to tandem mass spectrometry (LC-MS/MS),2024,Sampling,LC-MS/MS,<2.5,157.98,,ng m-3,30.66,76.73
Chen Y.; Meng Y.; Liu G.; Huang X.; Chai G.; Xie Y.,Atmospheric deposition of microplastics at a western China metropolis: Relationship with underlying surface types and human exposure,2024,Deposition,Microscopy; µFTIR,>10,364,98.6,particles m-2 d-1,30.632,104.0809
Chen Y.; Meng Y.; Liu G.; Huang X.; Chai G.; Xie Y.,Atmospheric deposition of microplastics at a western China metropolis: Relationship with underlying surface types and human exposure,2024,Deposition,Microscopy; µFTIR,>10,266.2,79.6,particles m-2 d-1,30.5622,103.9967
Chen Y.; Meng Y.; Liu G.; Huang X.; Chai G.; Xie Y.,Atmospheric deposition of microplastics at a western China metropolis: Relationship with underlying surface types and human exposure,2024,Deposition,Microscopy; µFTIR,>10,207.1,48.2,particles m-2 d-1,30.7075,103.8598
Chen Y.; Meng Y.; Liu G.; Huang X.; Chai G.; Xie Y.,Atmospheric deposition of microplastics at a western China metropolis: Relationship with underlying surface types and human exposure,2024,Deposition,Microscopy; µFTIR,>10,254.7,38.8,particles m-2 d-1,30.781,103.9529
Chen Y.; Meng Y.; Liu G.; Huang X.; Chai G.; Xie Y.,Atmospheric deposition of microplastics at a western China metropolis: Relationship with underlying surface types and human exposure,2024,Deposition,Microscopy; µFTIR,>10,208.1,72.9,particles m-2 d-1,30.9076,104.4263
Rao W.; Fan Y.; Li H.; Qian X.; Liu T.,New insights into the long-term dynamics and deposition-suspension distribution of atmospheric microplastics in an urban area,2024,Sampling,Microscopy; µFTIR,>20,1.31,0.62,particles m-3,32.12,118.96
Rao W.; Fan Y.; Li H.; Qian X.; Liu T.,New insights into the long-term dynamics and deposition-suspension distribution of atmospheric microplastics in an urban area,2024,Deposition,Microscopy; µFTIR,>20,302.31,107.4,particles m-2 d-1,32.12,118.96
Aves A.; Ruffell H.; Evangeliou N.; Gaw S.; Revell L.E.,Modelled sources of airborne microplastics collected at a remote Southern Hemisphere site,2024,Deposition,Microscopy; µFTIR,>52,150,25,particles m-2 d-1,-43.9853,170.4641
Aves A.; Ruffell H.; Evangeliou N.; Gaw S.; Revell L.E.,Modelled sources of airborne microplastics collected at a remote Southern Hemisphere site,2024,Deposition,Microscopy; µFTIR,>52,26,8,particles m-2 d-1,-43.9853,170.4641
Guo Z.; Chen J.; Yu H.; Zhang Q.; Duo B.; Cui X.,"Characteristics, sources and potential ecological risk of atmospheric microplastics in Lhasa city",2024,Sampling,LDIR,>20,7.15,2.46,particles m-3,29.6456,91.1813
Mokammel A.; Naddafi K.; Hassanvand M.S.; Nabizadeh R.; Faridi S.; Noruzzade E.; Yaghmaeian K.,"Airborne microplastics pollution in municipal solid waste processing and disposal complex: Concentration, characterization, and composition",2025,Sampling,Microscopy; µRaman,>5,6.54,5.08,particles m-3,35.4603,51.333
Liu P.; Shao L.; Guo Z.; Zhang Y.; Cao Y.; Ma X.; Morawska L.,"Physicochemical characteristics of airborne microplastics of a typical coastal city in the Yangtze River Delta Region, China",2025,Sampling,Microscopy; LDIR,>20,23.8,,particles m-3,33.99,119.84
Luo X.; Zhang Y.; Kang S.; Chen R.; Gao T.; Allen S.,Atmospheric emissions of microplastics entrained with dust from potential source regions,2025,Sampling,LDIR,<100,4.07,2.37,particles m-3,38.27,99.89
Jung C.-C.; Chen K.-Y.,Assessing the impact of marine litter hotspot on atmospheric microplastics: A study of a coastal village,2025,Sampling,Microscopy; µRaman,>3,1.35,1.33,particles m-3,24.0841,120.5526
Nafea T.H.; Shun Chan F.K.; Xu Y.; Xiao H.; He J.,"Unveiling the seasonal transport and exposure risks of atmospheric microplastics in the southern area of the Yangtze River Delta, China",2025,Sampling,Microscopy; ATR-FTIR,>20,0.145,0.09,particles m-3,29.8,121.56
Nafea T.H.; Shun Chan F.K.; Xu Y.; Xiao H.; He J.,"Unveiling the seasonal transport and exposure risks of atmospheric microplastics in the southern area of the Yangtze River Delta, China",2025,Sampling,Microscopy; ATR-FTIR,>20,0.145,0.09,particles m-3,29.75,121.89
